Store,StoreType,Assortment,CompetitionDistance,CompetitionOpenSinceMonth,CompetitionOpenSinceYear,Promo2,Promo2SinceWeek,Promo2SinceYear,PromoInterval,State
1,c,a,1270,9,2008,0,0,0,0,HE
2,a,a,570,11,2007,1,13,2010,Jan;Apr;Jul;Oct,TH
3,a,a,14130,12,2006,1,14,2011,Jan;Apr;Jul;Oct,NW
4,c,c,620,9,2009,0,0,0,0,BE
5,a,a,29910,4,2015,0,0,0,0,SN
6,a,a,310,12,2013,0,0,0,0,SN
7,a,c,24000,4,2013,0,0,0,0,SH
8,a,a,7520,10,2014,0,0,0,0,SH
9,a,c,2030,8,2000,0,0,0,0,NW
10,a,a,3160,9,2009,0,0,0,0,"HB,NI"
11,a,c,960,11,2011,1,1,2012,Jan;Apr;Jul;Oct,SH
12,a,c,1070,0,0,1,13,2010,Jan;Apr;Jul;Oct,SH
13,d,a,310,0,0,1,45,2009,Feb;May;Aug;Nov,BY
14,a,a,1300,3,2014,1,40,2011,Jan;Apr;Jul;Oct,NW
15,d,c,4110,3,2010,1,14,2011,Jan;Apr;Jul;Oct,SH
16,a,c,3270,0,0,0,0,0,0,BW
17,a,a,50,12,2005,1,26,2010,Jan;Apr;Jul;Oct,TH
18,d,c,13840,6,2010,1,14,2012,Jan;Apr;Jul;Oct,TH
19,a,c,3240,0,0,1,22,2011,Mar;Jun;Sep;Dec,NW
20,d,a,2340,5,2009,1,40,2014,Jan;Apr;Jul;Oct,BY
21,c,c,550,10,1999,1,45,2009,Jan;Apr;Jul;Oct,BW
22,a,a,1040,0,0,1,22,2012,Jan;Apr;Jul;Oct,BY
23,d,a,4060,8,2005,0,0,0,0,RP
24,a,c,4590,3,2000,1,40,2011,Jan;Apr;Jul;Oct,NW
25,c,a,430,4,2003,0,0,0,0,NW
26,d,a,2300,0,0,0,0,0,0,TH
27,a,a,60,1,2005,1,5,2011,Jan;Apr;Jul;Oct,NW
28,a,a,1200,10,2014,1,6,2015,Mar;Jun;Sep;Dec,ST
29,d,c,2170,0,0,0,0,0,0,NW
30,a,a,40,2,2014,1,10,2014,Mar;Jun;Sep;Dec,NW
31,d,c,9800,7,2012,0,0,0,0,SH
32,a,a,2910,0,0,1,45,2009,Feb;May;Aug;Nov,BY
33,a,c,1320,5,2013,0,0,0,0,NW
34,c,a,2240,9,2009,0,0,0,0,BE
35,d,c,7660,10,2000,1,1,2012,Jan;Apr;Jul;Oct,NW
36,a,c,540,6,2003,1,40,2014,Jan;Apr;Jul;Oct,BY
37,c,a,4230,12,2014,0,0,0,0,ST
38,d,a,1090,4,2007,0,0,0,0,NW
39,a,a,260,10,2006,1,31,2013,Feb;May;Aug;Nov,NW
40,a,a,180,0,0,1,45,2009,Feb;May;Aug;Nov,NW
41,d,c,1180,0,0,1,31,2013,Jan;Apr;Jul;Oct,BY
42,a,c,290,0,0,1,40,2011,Jan;Apr;Jul;Oct,NW
43,d,a,4880,0,0,1,37,2009,Jan;Apr;Jul;Oct,NW
44,a,a,540,6,2011,0,0,0,0,BE
45,d,a,9710,2,2014,0,0,0,0,RP
46,c,a,1200,9,2005,1,14,2011,Jan;Apr;Jul;Oct,BY
47,a,c,270,4,2013,1,14,2013,Jan;Apr;Jul;Oct,HH
48,a,a,1060,5,2012,0,0,0,0,HH
49,d,c,18010,9,2007,0,0,0,0,BW
50,d,a,6260,11,2009,0,0,0,0,RP
51,a,c,10570,7,2013,1,9,2011,Jan;Apr;Jul;Oct,BY
52,d,c,450,4,2014,1,39,2010,Jan;Apr;Jul;Oct,BY
53,a,c,30360,9,2013,0,0,0,0,SH
54,d,c,7170,8,2014,1,5,2013,Feb;May;Aug;Nov,ST
55,a,a,720,11,2004,0,0,0,0,SN
56,d,c,6620,3,2012,1,10,2014,Mar;Jun;Sep;Dec,HE
57,d,c,420,6,2014,0,0,0,0,SN
58,a,c,7340,5,2008,1,27,2012,Jan;Apr;Jul;Oct,BY
59,a,c,2840,6,2007,1,14,2011,Jan;Apr;Jul;Oct,TH
60,d,c,5540,10,2009,0,0,0,0,SN
61,a,c,350,12,2007,1,1,2012,Jan;Apr;Jul;Oct,BW
62,a,a,2050,0,0,0,0,0,0,NW
63,c,c,3700,6,2010,1,18,2010,Feb;May;Aug;Nov,SH
64,d,c,22560,0,0,1,14,2013,Jan;Apr;Jul;Oct,NW
65,a,c,13840,5,2010,1,1,2012,Jan;Apr;Jul;Oct,ST
66,d,a,7660,0,0,1,37,2009,Jan;Apr;Jul;Oct,BW
67,a,c,410,2,2006,0,0,0,0,BW
68,a,c,250,0,0,1,35,2012,Mar;Jun;Sep;Dec,SH
69,c,c,1130,0,0,1,40,2011,Jan;Apr;Jul;Oct,HE
70,c,c,4840,0,0,0,0,0,0,"HB,NI"
71,a,a,17500,8,2008,1,37,2009,Mar;Jun;Sep;Dec,NW
72,a,a,2200,12,2009,1,13,2010,Jan;Apr;Jul;Oct,BY
73,a,c,1650,9,2008,0,0,0,0,SH
74,a,a,330,0,0,0,0,0,0,NW
75,d,c,22440,12,2013,0,0,0,0,SH
76,d,c,19960,3,2006,0,0,0,0,BY
77,d,c,1090,8,2009,1,10,2014,Jan;Apr;Jul;Oct,HE
78,a,a,3510,11,2006,1,5,2013,Feb;May;Aug;Nov,ST
79,a,a,3320,0,0,0,0,0,0,BW
80,d,a,7910,0,0,0,0,0,0,RP
81,a,a,2370,3,2011,1,40,2014,Jan;Apr;Jul;Oct,BY
82,a,a,22390,4,2008,1,37,2009,Jan;Apr;Jul;Oct,NW
83,a,a,2710,0,0,0,0,0,0,NW
84,a,c,11810,8,2014,0,0,0,0,NW
85,b,a,1870,10,2011,0,0,0,0,BE
86,a,a,480,2,2005,1,31,2013,Jan;Apr;Jul;Oct,NW
87,a,a,560,12,2010,0,0,0,0,BE
88,a,a,10690,10,2005,0,0,0,0,ST
89,a,a,2380,7,2004,1,40,2014,Jan;Apr;Jul;Oct,BY
90,a,a,330,11,2007,0,0,0,0,NW
91,c,a,2410,0,0,1,35,2011,Jan;Apr;Jul;Oct,BW
92,c,a,240,0,0,1,45,2009,Feb;May;Aug;Nov,NW
93,a,a,16690,0,0,1,14,2011,Jan;Apr;Jul;Oct,NW
94,d,c,14620,0,0,0,0,0,0,NW
95,a,a,1890,10,2014,0,0,0,0,SN
96,a,a,8780,2,2005,1,37,2009,Jan;Apr;Jul;Oct,SN
97,d,c,8980,0,0,0,0,0,0,SN
98,d,c,15140,12,2006,1,1,2012,Jan;Apr;Jul;Oct,NW
99,c,c,2030,11,2003,1,22,2012,Mar;Jun;Sep;Dec,BY
100,d,a,17930,0,0,0,0,0,0,BY
101,d,c,2440,0,0,1,22,2012,Mar;Jun;Sep;Dec,SH
102,a,a,150,12,2007,1,10,2014,Mar;Jun;Sep;Dec,NW
103,d,c,5210,5,2015,0,0,0,0,BE
104,a,a,390,6,2009,0,0,0,0,BE
105,a,c,6190,0,0,1,23,2013,Mar;Jun;Sep;Dec,BW
106,a,a,1390,8,2013,0,0,0,0,BE
107,a,a,1930,9,2009,0,0,0,0,"HB,NI"
108,d,c,2190,9,2003,0,0,0,0,BY
109,a,c,3300,11,2010,0,0,0,0,SH
110,a,c,46590,4,2013,0,0,0,0,SH
111,d,c,7890,0,0,1,37,2009,Jan;Apr;Jul;Oct,HE
112,a,a,1630,9,2009,0,0,0,0,"HB,NI"
113,d,c,20930,11,1999,0,0,0,0,BY
114,c,a,4510,0,0,1,48,2011,Mar;Jun;Sep;Dec,TH
115,d,c,5740,4,2007,1,40,2014,Jan;Apr;Jul;Oct,BY
116,a,a,680,4,2013,0,0,0,0,BE
117,a,a,3450,9,2011,0,0,0,0,NW
118,d,c,3580,9,2012,0,0,0,0,SH
119,a,c,2100,2,2010,0,0,0,0,SH
120,d,a,2290,12,2014,1,37,2009,Jan;Apr;Jul;Oct,HE
121,a,a,3570,11,2009,1,36,2013,Mar;Jun;Sep;Dec,SN
122,a,c,58260,4,2013,0,0,0,0,SH
123,a,a,16760,9,2011,0,0,0,0,ST
124,a,a,1410,4,2003,0,0,0,0,NW
125,a,a,760,12,2005,0,0,0,0,BE
126,d,a,3370,10,2014,1,18,2011,Feb;May;Aug;Nov,NW
127,d,a,1350,12,2005,1,13,2010,Jan;Apr;Jul;Oct,BY
128,d,c,2000,0,0,1,1,2013,Jan;Apr;Jul;Oct,HE
129,a,a,2460,0,0,1,14,2011,Jan;Apr;Jul;Oct,BY
130,c,a,900,0,0,1,13,2010,Jan;Apr;Jul;Oct,HE
131,c,a,920,7,2015,0,0,0,0,NW
132,d,c,1040,0,0,1,27,2012,Jan;Apr;Jul;Oct,BY
133,a,a,270,8,2013,1,10,2014,Mar;Jun;Sep;Dec,TH
134,a,a,1200,9,2008,0,0,0,0,BE
135,d,a,5190,0,0,1,1,2013,Jan;Apr;Jul;Oct,HE
136,a,c,2200,12,2010,1,22,2012,Feb;May;Aug;Nov,BY
137,a,a,1730,7,2015,1,40,2014,Jan;Apr;Jul;Oct,BY
138,a,c,25360,10,2014,0,0,0,0,SN
139,a,a,1700,1,2008,1,14,2011,Jan;Apr;Jul;Oct,BY
140,a,c,1090,7,2010,1,1,2013,Jan;Apr;Jul;Oct,HE
141,c,c,1540,0,0,1,22,2012,Mar;Jun;Sep;Dec,BW
142,a,a,1090,7,2002,0,0,0,0,NW
143,d,a,2930,12,2002,0,0,0,0,RP
144,a,c,16570,0,0,0,0,0,0,BY
145,a,a,280,0,0,1,45,2009,Feb;May;Aug;Nov,BY
146,d,c,8050,10,1961,1,48,2012,Jan;Apr;Jul;Oct,NW
147,d,c,8540,0,0,0,0,0,0,NW
148,a,a,2090,12,2008,0,0,0,0,BE
149,d,a,2610,7,2006,1,14,2011,Jan;Apr;Jul;Oct,BY
150,c,c,31830,3,2010,0,0,0,0,SH
151,d,c,4360,10,2005,0,0,0,0,ST
152,a,a,1780,0,0,0,0,0,0,NW
153,a,a,16240,10,2000,1,18,2011,Feb;May;Aug;Nov,NW
154,d,c,16420,0,0,0,0,0,0,HE
155,d,a,3050,0,0,1,35,2010,Jan;Apr;Jul;Oct,BY
156,a,a,2020,2,2011,1,14,2011,Mar;Jun;Sep;Dec,TH
157,a,c,2950,10,2004,0,0,0,0,NW
158,d,c,11840,0,0,1,31,2009,Feb;May;Aug;Nov,RP
159,d,a,8530,3,2013,0,0,0,0,BY
160,d,c,17110,11,2005,0,0,0,0,HE
161,a,c,2970,3,2005,0,0,0,0,NW
162,d,c,5340,3,2012,1,13,2010,Jan;Apr;Jul;Oct,HE
163,a,a,1480,4,2009,0,0,0,0,BE
164,a,a,1160,9,2005,1,13,2010,Jan;Apr;Jul;Oct,BY
165,a,a,3720,4,2005,1,13,2010,Jan;Apr;Jul;Oct,BY
166,a,c,100,4,2014,1,31,2013,Jan;Apr;Jul;Oct,NW
167,a,a,140,4,2008,0,0,0,0,ST
168,a,a,12540,0,0,0,0,0,0,BW
169,d,a,980,7,2014,1,18,2014,Feb;May;Aug;Nov,NW
170,a,a,1070,5,2015,1,14,2011,Jan;Apr;Jul;Oct,NW
171,a,a,2640,0,0,0,0,0,0,NW
172,a,a,110,0,0,1,40,2014,Jan;Apr;Jul;Oct,BY
173,a,a,350,12,2012,0,0,0,0,BE
174,a,a,13090,0,0,1,22,2012,Jan;Apr;Jul;Oct,BY
175,c,a,4130,0,0,0,0,0,0,HH
176,a,a,3770,0,0,0,0,0,0,NW
177,a,a,1250,2,2004,1,5,2013,Feb;May;Aug;Nov,ST
178,d,a,1710,0,0,0,0,0,0,SN
179,a,c,480,0,0,0,0,0,0,NW
180,d,a,5800,9,2010,0,0,0,0,HH
181,a,a,12610,3,2013,1,14,2011,Jan;Apr;Jul;Oct,BY
182,d,c,1390,0,0,1,9,2011,Mar;Jun;Sep;Dec,HE
183,a,a,9670,0,0,0,0,0,0,BY
184,d,c,3560,0,0,0,0,0,0,NW
185,d,c,1860,5,2015,0,0,0,0,BE
186,a,a,290,10,2011,1,40,2014,Jan;Apr;Jul;Oct,BY
187,a,c,19360,0,0,0,0,0,0,SH
188,d,a,850,0,0,1,18,2011,Feb;May;Aug;Nov,RP
189,d,a,5760,7,2014,0,0,0,0,RP
190,a,a,1470,12,2006,1,40,2014,Jan;Apr;Jul;Oct,BY
191,a,a,1100,8,2013,1,40,2014,Jan;Apr;Jul;Oct,BY
192,d,c,2770,3,2008,1,40,2014,Jan;Apr;Jul;Oct,BY
193,a,a,520,0,0,0,0,0,0,BW
194,d,c,16970,0,0,1,5,2013,Feb;May;Aug;Nov,BW
195,a,c,220,0,0,0,0,0,0,NW
196,c,a,3850,11,2005,1,14,2011,Jan;Apr;Jul;Oct,TH
197,c,a,4210,3,2015,0,0,0,0,HH
198,a,a,290,9,2002,1,13,2010,Jan;Apr;Jul;Oct,TH
199,d,c,6360,12,2010,1,14,2012,Mar;Jun;Sep;Dec,RP
200,a,a,1650,10,2000,0,0,0,0,NW
201,d,a,20260,0,0,1,18,2014,Mar;Jun;Sep;Dec,NW
202,d,c,5140,5,2010,0,0,0,0,HE
203,c,c,490,11,2002,0,0,0,0,ST
204,a,a,5630,12,2002,1,40,2014,Jan;Apr;Jul;Oct,BY
205,a,a,110,12,2007,0,0,0,0,BE
206,a,c,380,0,0,1,14,2012,Jan;Apr;Jul;Oct,NW
207,a,a,6870,0,0,0,0,0,0,SH
208,c,a,300,4,2006,0,0,0,0,BE
209,a,c,11680,9,2011,1,31,2013,Jan;Apr;Jul;Oct,SH
210,d,a,970,11,1999,1,5,2013,Feb;May;Aug;Nov,RP
211,a,c,350,11,2006,0,0,0,0,BE
212,a,c,15050,9,2008,0,0,0,0,SH
213,d,c,4030,3,2014,1,1,2014,Jan;Apr;Jul;Oct,NW
214,d,a,8650,7,2013,1,10,2014,Jan;Apr;Jul;Oct,NW
215,d,a,150,0,0,1,45,2009,Feb;May;Aug;Nov,BY
216,c,a,190,0,0,1,45,2009,Feb;May;Aug;Nov,NW
217,c,a,3150,0,0,0,0,0,0,HH
218,a,c,640,0,0,1,9,2011,Mar;Jun;Sep;Dec,BY
219,a,a,1640,2,2013,0,0,0,0,NW
220,a,a,1000,9,2008,0,0,0,0,NW
221,d,c,13530,9,2013,0,0,0,0,SH
222,a,a,2170,11,2008,0,0,0,0,BE
223,d,c,2920,10,1995,1,27,2011,Jan;Apr;Jul;Oct,TH
224,d,c,7930,0,0,1,1,2013,Jan;Apr;Jul;Oct,BW
225,d,a,10180,5,2015,0,0,0,0,ST
226,a,a,450,0,0,0,0,0,0,HE
227,a,a,2370,0,0,0,0,0,0,NW
228,d,c,10800,0,0,1,18,2011,Feb;May;Aug;Nov,NW
229,d,c,17410,4,2007,1,14,2011,Jan;Apr;Jul;Oct,RP
230,d,c,6680,9,2013,0,0,0,0,SH
231,d,c,3840,10,2008,1,39,2010,Feb;May;Aug;Nov,BY
232,c,c,13570,5,2010,1,10,2013,Mar;Jun;Sep;Dec,ST
233,a,a,1890,0,0,0,0,0,0,HE
234,d,a,4370,0,0,0,0,0,0,NW
235,a,a,5710,3,2012,1,37,2009,Jan;Apr;Jul;Oct,HE
236,a,a,1000,11,2007,0,0,0,0,BE
237,a,a,1420,11,2007,0,0,0,0,BE
238,a,a,320,0,0,1,45,2009,Feb;May;Aug;Nov,NW
239,d,c,610,0,0,0,0,0,0,NW
240,a,a,1110,5,2009,0,0,0,0,BE
241,d,c,780,0,0,0,0,0,0,NW
242,d,a,6880,9,2001,1,14,2011,Jan;Apr;Jul;Oct,HE
243,a,a,310,0,0,1,5,2013,Feb;May;Aug;Nov,BY
244,d,a,710,3,2012,1,1,2012,Jan;Apr;Jul;Oct,NW
245,a,c,1310,0,0,0,0,0,0,HE
246,c,a,4660,4,2013,0,0,0,0,HH
247,d,c,70,11,2010,1,5,2013,Feb;May;Aug;Nov,HE
248,a,c,340,9,2012,1,40,2012,Jan;Apr;Jul;Oct,SH
249,d,c,18010,9,2014,0,0,0,0,SH
250,d,a,3520,0,0,1,18,2012,Feb;May;Aug;Nov,HE
251,a,c,340,0,0,0,0,0,0,NW
252,d,c,22330,0,0,1,5,2010,Feb;May;Aug;Nov,NW
253,a,c,250,0,0,1,5,2013,Feb;May;Aug;Nov,NW
254,d,a,330,3,2008,1,1,2012,Mar;Jun;Sep;Dec,RP
255,c,c,4630,3,2011,1,35,2011,Feb;May;Aug;Nov,NW
256,a,c,80,9,2005,1,10,2014,Mar;Jun;Sep;Dec,NW
257,a,a,420,12,2012,0,0,0,0,BE
258,a,a,27190,7,2010,1,37,2009,Jan;Apr;Jul;Oct,BY
259,b,b,210,0,0,0,0,0,0,HE
260,a,a,540,10,2011,0,0,0,0,BE
261,d,c,15340,4,2015,1,39,2009,Jan;Apr;Jul;Oct,TH
262,b,a,1180,5,2013,0,0,0,0,HH
263,a,c,1140,5,2013,1,40,2014,Jan;Apr;Jul;Oct,BY
264,a,a,180,3,2014,0,0,0,0,BE
265,a,a,4580,0,0,1,14,2015,Jan;Apr;Jul;Oct,RP
266,a,c,360,3,2014,1,9,2011,Mar;Jun;Sep;Dec,SN
267,c,a,2460,1,2012,0,0,0,0,SH
268,a,a,4520,2,2014,0,0,0,0,"HB,NI"
269,a,c,60,6,2015,0,0,0,0,NW
270,a,a,1450,7,2014,0,0,0,0,BE
271,a,a,420,0,0,1,14,2011,Jan;Apr;Jul;Oct,SN
272,a,a,16180,7,2003,1,14,2011,Jan;Apr;Jul;Oct,HE
273,a,c,8480,0,0,0,0,0,0,NW
274,b,b,3640,0,0,1,10,2013,Jan;Apr;Jul;Oct,HE
275,d,a,300,5,2014,1,40,2014,Jan;Apr;Jul;Oct,BY
276,a,a,2960,10,2014,1,36,2013,Mar;Jun;Sep;Dec,SN
277,d,c,7840,0,0,1,31,2009,Feb;May;Aug;Nov,BY
278,a,c,9260,2,2010,0,0,0,0,SH
279,d,c,2320,0,0,1,40,2012,Jan;Apr;Jul;Oct,BY
280,d,c,18640,9,2013,1,10,2014,Mar;Jun;Sep;Dec,BW
281,d,c,6970,9,2011,0,0,0,0,SH
282,a,a,1220,12,2010,0,0,0,0,BE
283,a,a,2260,0,0,1,40,2014,Jan;Apr;Jul;Oct,BY
284,d,a,1290,0,0,1,40,2014,Jan;Apr;Jul;Oct,BY
285,a,a,2410,0,0,0,0,0,0,HE
286,a,a,1460,4,2015,0,0,0,0,TH
287,c,a,2740,5,2009,1,40,2014,Jan;Apr;Jul;Oct,BY
288,d,a,800,0,0,1,14,2011,Mar;Jun;Sep;Dec,BY
289,d,a,6540,12,2007,0,0,0,0,HE
290,a,a,4150,5,2001,0,0,0,0,NW
291,d,a,0,0,0,0,0,0,0,SN
292,a,a,1100,6,2009,0,0,0,0,BE
293,c,c,140,11,2007,0,0,0,0,BE
294,a,a,3150,5,2005,0,0,0,0,HE
295,a,a,210,11,2000,1,36,2013,Mar;Jun;Sep;Dec,BW
296,a,a,9580,5,2007,1,45,2014,Feb;May;Aug;Nov,HE
297,a,a,2300,9,2010,0,0,0,0,BW
298,d,a,19840,7,2009,0,0,0,0,BY
299,d,c,38630,9,2012,0,0,0,0,SH
300,a,c,120,4,2009,1,1,2012,Jan;Apr;Jul;Oct,HE
301,a,c,4510,3,2015,0,0,0,0,SH
302,d,c,2190,12,2007,1,9,2011,Mar;Jun;Sep;Dec,HE
303,a,a,15430,11,2012,1,18,2011,Feb;May;Aug;Nov,NW
304,a,a,1950,7,2015,0,0,0,0,"HB,NI"
305,c,c,2470,2,2005,1,31,2013,Mar;Jun;Sep;Dec,HE
306,a,a,5100,4,2007,1,40,2014,Jan;Apr;Jul;Oct,BY
307,a,a,18660,9,2002,0,0,0,0,TH
308,a,a,1070,12,2006,1,13,2010,Jan;Apr;Jul;Oct,NW
309,d,a,8740,0,0,1,37,2009,Feb;May;Aug;Nov,NW
310,a,c,2290,0,0,1,10,2014,Mar;Jun;Sep;Dec,SH
311,a,c,680,7,2005,0,0,0,0,HE
312,d,a,11300,3,2012,0,0,0,0,HE
313,d,c,14160,0,0,0,0,0,0,TH
314,a,a,3560,10,2001,1,31,2013,Feb;May;Aug;Nov,NW
315,a,c,38710,4,2013,0,0,0,0,SH
316,d,a,9000,8,2001,0,0,0,0,NW
317,d,a,3140,7,2013,1,14,2011,Jan;Apr;Jul;Oct,BY
318,d,c,32330,3,2014,0,0,0,0,SN
319,a,c,570,9,2012,1,27,2012,Mar;Jun;Sep;Dec,SH
320,a,c,210,9,2012,0,0,0,0,SH
321,c,c,8140,11,2013,1,10,2014,Mar;Jun;Sep;Dec,SN
322,a,a,17500,4,2001,1,37,2009,Jan;Apr;Jul;Oct,TH
323,d,c,8400,4,2012,1,5,2013,Feb;May;Aug;Nov,RP
324,a,a,13140,0,0,1,14,2011,Jan;Apr;Jul;Oct,ST
325,a,c,350,3,2011,1,22,2011,Feb;May;Aug;Nov,NW
326,d,a,10070,5,2015,1,31,2013,Feb;May;Aug;Nov,RP
327,c,c,1390,12,2004,0,0,0,0,ST
328,a,a,3130,7,2002,0,0,0,0,NW
329,a,a,1310,6,1990,1,22,2012,Mar;Jun;Sep;Dec,NW
330,a,c,370,0,0,1,22,2012,Mar;Jun;Sep;Dec,NW
331,a,c,670,0,0,1,14,2015,Jan;Apr;Jul;Oct,RP
332,a,a,1840,3,2006,0,0,0,0,ST
333,a,c,3720,2,2010,0,0,0,0,HH
334,d,c,4040,8,2008,1,18,2013,Mar;Jun;Sep;Dec,NW
335,b,a,90,0,0,1,31,2013,Jan;Apr;Jul;Oct,NW
336,a,a,190,7,2014,0,0,0,0,HE
337,d,c,10600,7,2005,1,45,2014,Feb;May;Aug;Nov,HE
338,a,c,1590,0,0,1,37,2009,Jan;Apr;Jul;Oct,HE
339,a,c,2280,0,0,1,10,2013,Mar;Jun;Sep;Dec,RP
340,a,c,8080,0,0,0,0,0,0,SH
341,a,a,190,9,2011,0,0,0,0,NW
342,d,c,15770,0,0,1,40,2014,Jan;Apr;Jul;Oct,BY
343,d,a,18650,4,2004,1,14,2014,Jan;Apr;Jul;Oct,NW
344,a,c,300,4,2011,1,14,2011,Jan;Apr;Jul;Oct,HH
345,a,a,120,0,0,1,22,2012,Jan;Apr;Jul;Oct,BY
346,a,c,8090,0,0,0,0,0,0,NW
347,d,c,9360,7,2013,1,22,2012,Mar;Jun;Sep;Dec,BW
348,a,a,16490,0,0,1,22,2012,Jan;Apr;Jul;Oct,BY
349,c,c,1490,4,2009,0,0,0,0,BE
350,d,a,8880,0,0,1,14,2011,Jan;Apr;Jul;Oct,HE
351,a,a,5290,11,2012,1,5,2013,Feb;May;Aug;Nov,NW
352,d,c,6360,0,0,1,40,2012,Mar;Jun;Sep;Dec,SH
353,b,b,900,0,0,1,14,2013,Feb;May;Aug;Nov,BW
354,d,c,1500,10,2005,0,0,0,0,NW
355,a,c,9720,8,2013,0,0,0,0,SH
356,d,c,8970,12,2007,1,22,2012,Feb;May;Aug;Nov,BW
357,a,a,2060,10,2008,0,0,0,0,SN
358,a,a,2890,10,2003,0,0,0,0,NW
359,d,c,4370,0,0,0,0,0,0,RP
360,a,a,2040,6,2007,0,0,0,0,BE
361,c,c,4490,5,2014,1,5,2013,Feb;May;Aug;Nov,ST
362,c,c,340,0,0,0,0,0,0,HE
363,a,a,250,9,2009,0,0,0,0,BE
364,a,c,13620,0,0,1,10,2014,Mar;Jun;Sep;Dec,RP
365,c,a,2410,0,0,1,45,2009,Feb;May;Aug;Nov,BY
366,d,c,6470,12,2004,0,0,0,0,ST
367,d,c,2640,9,2012,0,0,0,0,SH
368,d,c,1450,4,2005,1,45,2009,Feb;May;Aug;Nov,BW
369,d,c,5870,4,2014,0,0,0,0,HE
370,d,a,8250,10,2000,1,31,2009,Jan;Apr;Jul;Oct,NW
371,d,c,1970,7,2009,1,45,2014,Feb;May;Aug;Nov,HE
372,d,c,4880,8,2010,1,18,2014,Jan;Apr;Jul;Oct,NW
373,d,c,11120,0,0,1,22,2012,Jan;Apr;Jul;Oct,BW
374,a,a,1150,9,2007,0,0,0,0,BE
375,a,c,15710,2,2013,1,37,2009,Jan;Apr;Jul;Oct,ST
376,a,a,160,8,2012,0,0,0,0,BE
377,a,c,100,6,2010,1,18,2010,Feb;May;Aug;Nov,SH
378,a,c,2140,8,2012,0,0,0,0,NW
379,d,a,6630,0,0,0,0,0,0,"HB,NI"
380,a,a,2240,5,2013,1,10,2014,Mar;Jun;Sep;Dec,NW
381,a,a,1800,11,2006,1,5,2013,Feb;May;Aug;Nov,ST
382,c,c,26130,11,2002,0,0,0,0,ST
383,a,c,350,0,0,0,0,0,0,HE
384,a,c,130,0,0,1,14,2011,Jan;Apr;Jul;Oct,TH
385,d,a,4580,9,2007,0,0,0,0,BY
386,d,c,1460,4,2014,1,31,2013,Jan;Apr;Jul;Oct,NW
387,c,a,210,0,0,1,36,2013,Mar;Jun;Sep;Dec,NW
388,a,a,2260,0,0,0,0,0,0,NW
389,a,c,6690,8,2011,0,0,0,0,HH
390,a,c,1600,4,2009,0,0,0,0,BE
391,a,a,460,11,2014,1,31,2013,Feb;May;Aug;Nov,NW
392,a,a,2120,0,0,0,0,0,0,NW
393,d,c,4820,3,2008,0,0,0,0,NW
394,d,a,10850,0,0,0,0,0,0,HE
395,a,a,3620,2,2013,0,0,0,0,NW
396,a,c,23130,0,0,0,0,0,0,ST
397,a,c,130,0,0,1,27,2013,Feb;May;Aug;Nov,NW
398,c,c,1540,0,0,1,1,2012,Jan;Apr;Jul;Oct,SH
399,a,a,5360,9,2012,1,40,2011,Jan;Apr;Jul;Oct,BY
400,a,a,70,11,2004,1,14,2011,Jan;Apr;Jul;Oct,TH
401,a,c,9200,10,2009,1,14,2012,Jan;Apr;Jul;Oct,SN
402,c,c,5830,9,2011,1,13,2010,Jan;Apr;Jul;Oct,ST
403,a,a,4970,7,2015,0,0,0,0,NW
404,a,c,1420,0,0,1,10,2013,Mar;Jun;Sep;Dec,BW
405,a,a,1080,4,2008,1,14,2011,Jan;Apr;Jul;Oct,NW
406,d,c,8240,3,2001,1,10,2013,Feb;May;Aug;Nov,RP
407,a,a,5890,10,2003,1,14,2011,Feb;May;Aug;Nov,BY
408,c,a,1560,0,0,1,45,2009,Feb;May;Aug;Nov,BW
409,d,c,840,0,0,1,1,2013,Jan;Apr;Jul;Oct,HE
410,c,a,40,11,2011,1,22,2012,Mar;Jun;Sep;Dec,NW
411,d,c,8460,0,0,0,0,0,0,HE
412,d,c,4460,0,0,1,39,2010,Jan;Apr;Jul;Oct,BY
413,a,c,760,9,2014,0,0,0,0,BY
414,d,c,6210,0,0,1,1,2013,Jan;Apr;Jul;Oct,HE
415,d,c,6910,4,2005,0,0,0,0,RP
416,a,c,4650,6,2014,0,0,0,0,HH
417,a,c,840,0,0,1,10,2014,Jan;Apr;Jul;Oct,NW
418,a,a,1060,5,2009,1,27,2011,Feb;May;Aug;Nov,NW
419,c,a,1620,9,2009,0,0,0,0,BE
420,d,c,250,0,0,1,27,2012,Jan;Apr;Jul;Oct,BY
421,c,c,3530,6,2012,1,35,2012,Mar;Jun;Sep;Dec,SH
422,a,c,2880,0,0,0,0,0,0,SH
423,b,a,1270,5,2014,0,0,0,0,BE
424,d,c,1250,0,0,1,40,2011,Jan;Apr;Jul;Oct,NW
425,d,c,1460,0,0,0,0,0,0,NW
426,a,a,250,0,0,0,0,0,0,NW
427,a,c,70,7,2005,1,13,2010,Jan;Apr;Jul;Oct,BY
428,d,a,2960,12,2014,1,23,2015,Mar;Jun;Sep;Dec,BY
429,d,c,16350,7,2005,1,31,2013,Jan;Apr;Jul;Oct,BY
430,d,c,12870,10,2008,0,0,0,0,BY
431,d,c,4520,0,0,0,0,0,0,NW
432,a,a,810,5,2013,0,0,0,0,HH
433,a,c,30030,11,2010,0,0,0,0,SH
434,a,a,13020,8,2003,1,40,2014,Jan;Apr;Jul;Oct,BY
435,a,a,910,0,0,0,0,0,0,NW
436,d,a,2300,0,0,0,0,0,0,SN
437,c,c,430,0,0,1,50,2010,Jan;Apr;Jul;Oct,SN
438,d,c,1110,0,0,1,40,2012,Jan;Apr;Jul;Oct,SN
439,a,a,1350,9,2009,0,0,0,0,BE
440,d,a,3900,4,2005,1,45,2009,Feb;May;Aug;Nov,BW
441,d,a,2530,0,0,0,0,0,0,NW
442,c,a,500,0,0,1,45,2009,Feb;May;Aug;Nov,BW
443,d,a,11400,12,2005,0,0,0,0,SN
444,c,a,1700,11,2009,0,0,0,0,SN
445,a,a,240,0,0,0,0,0,0,NW
446,a,a,340,10,2000,1,31,2013,Feb;May;Aug;Nov,NW
447,a,c,1510,9,2013,0,0,0,0,SH
448,a,c,3970,9,2009,0,0,0,0,NW
449,a,c,120,12,2014,1,37,2009,Jan;Apr;Jul;Oct,HE
450,c,a,5780,11,1994,1,10,2014,Mar;Jun;Sep;Dec,BW
451,a,a,2460,4,2009,1,13,2010,Jan;Apr;Jul;Oct,HE
452,a,c,1850,8,2013,1,5,2011,Feb;May;Aug;Nov,SH
453,a,c,75860,0,0,0,0,0,0,SH
454,a,a,26450,0,0,0,0,0,0,ST
455,d,c,7660,9,2010,0,0,0,0,BW
456,a,c,140,0,0,0,0,0,0,NW
457,d,c,13140,0,0,1,31,2013,Jan;Apr;Jul;Oct,BY
458,c,a,3390,0,0,0,0,0,0,HE
459,a,a,250,9,2008,1,5,2013,Feb;May;Aug;Nov,SH
460,a,a,34050,4,2008,0,0,0,0,ST
461,d,c,1790,7,2013,1,40,2013,Jan;Apr;Jul;Oct,BW
462,a,a,44320,8,2008,0,0,0,0,ST
463,a,a,4160,0,0,0,0,0,0,NW
464,c,a,520,3,2009,0,0,0,0,BE
465,d,c,10890,4,2005,0,0,0,0,HE
466,a,c,3110,3,2003,0,0,0,0,NW
467,a,c,20390,4,2008,0,0,0,0,NW
468,c,c,5260,9,2012,0,0,0,0,SH
469,c,c,710,9,2005,0,0,0,0,BE
470,a,c,50,0,0,0,0,0,0,NW
471,d,a,5300,0,0,1,45,2009,Feb;May;Aug;Nov,BY
472,c,c,5030,8,2011,0,0,0,0,HH
473,a,a,50,0,0,0,0,0,0,NW
474,c,a,14810,0,0,1,14,2011,Mar;Jun;Sep;Dec,TH
475,a,a,140,9,2005,0,0,0,0,NW
476,d,a,8300,9,2006,0,0,0,0,SN
477,d,a,770,7,2010,1,35,2010,Jan;Apr;Jul;Oct,BY
478,d,c,1940,3,2012,0,0,0,0,BE
479,a,a,320,12,2005,1,9,2011,Feb;May;Aug;Nov,ST
480,a,a,300,11,2012,0,0,0,0,BE
481,c,c,7470,0,0,1,44,2012,Feb;May;Aug;Nov,HE
482,c,a,2550,10,2005,0,0,0,0,ST
483,a,c,2310,9,2011,1,13,2010,Jan;Apr;Jul;Oct,ST
484,a,c,14300,3,2011,0,0,0,0,SH
485,d,c,3270,0,0,1,22,2012,Jan;Apr;Jul;Oct,BY
486,a,a,2320,0,0,1,31,2013,Jan;Apr;Jul;Oct,NW
487,d,c,2180,9,2012,1,40,2012,Jan;Apr;Jul;Oct,SH
488,a,c,2890,4,2014,0,0,0,0,SH
489,a,a,14960,11,2013,1,37,2009,Jan;Apr;Jul;Oct,ST
490,a,a,660,4,2013,1,40,2014,Jan;Apr;Jul;Oct,BY
491,d,c,4680,0,0,1,22,2012,Mar;Jun;Sep;Dec,BW
492,a,a,1740,3,2008,1,40,2012,Jan;Apr;Jul;Oct,BY
493,d,c,1150,0,0,1,14,2011,Jan;Apr;Jul;Oct,NW
494,b,a,1260,6,2011,0,0,0,0,BE
495,d,a,5470,0,0,1,37,2009,Jan;Apr;Jul;Oct,BW
496,d,c,2780,6,2015,0,0,0,0,BE
497,a,c,1610,0,0,0,0,0,0,HE
498,a,a,990,0,0,1,40,2014,Jan;Apr;Jul;Oct,BY
499,c,c,450,0,0,1,5,2013,Feb;May;Aug;Nov,BW
500,d,c,10690,9,2007,1,5,2013,Jan;Apr;Jul;Oct,BY
501,a,c,1620,9,2006,0,0,0,0,BY
502,a,a,220,2,2002,1,37,2009,Jan;Apr;Jul;Oct,HE
503,d,c,13080,9,2006,1,14,2011,Jan;Apr;Jul;Oct,ST
504,c,c,820,0,0,0,0,0,0,"HB,NI"
505,a,a,350,0,0,1,5,2013,Feb;May;Aug;Nov,BW
506,a,a,1850,12,2014,1,18,2011,Feb;May;Aug;Nov,NW
507,a,c,9070,4,2011,1,37,2009,Jan;Apr;Jul;Oct,NW
508,a,c,1280,0,0,1,40,2011,Jan;Apr;Jul;Oct,NW
509,a,a,4740,7,2008,1,37,2009,Jan;Apr;Jul;Oct,HE
510,a,c,8260,0,0,0,0,0,0,NW
511,a,a,2060,9,2009,0,0,0,0,"HB,NI"
512,b,b,590,0,0,1,5,2013,Mar;Jun;Sep;Dec,BY
513,a,a,400,8,2013,0,0,0,0,BE
514,c,c,1200,7,2012,1,27,2012,Jan;Apr;Jul;Oct,BY
515,d,c,11260,0,0,1,9,2011,Feb;May;Aug;Nov,NW
516,a,c,20,0,0,1,35,2010,Mar;Jun;Sep;Dec,NW
517,a,c,22490,0,0,0,0,0,0,HE
518,d,c,3330,3,2015,1,13,2010,Jan;Apr;Jul;Oct,BY
519,c,c,2510,8,2009,1,1,2012,Jan;Apr;Jul;Oct,SH
520,a,c,6900,0,0,1,40,2012,Mar;Jun;Sep;Dec,SH
521,d,a,18610,11,2002,1,48,2011,Mar;Jun;Sep;Dec,RP
522,d,c,7160,11,2012,1,9,2011,Jan;Apr;Jul;Oct,BY
523,c,c,50,11,2013,0,0,0,0,BE
524,a,c,40860,9,2013,0,0,0,0,SH
525,d,c,1870,9,2013,0,0,0,0,BE
526,a,a,120,0,0,1,48,2011,Mar;Jun;Sep;Dec,TH
527,d,c,5830,4,2008,0,0,0,0,NW
528,a,c,20620,0,0,1,37,2009,Jan;Apr;Jul;Oct,NW
529,d,c,12920,9,2012,0,0,0,0,SH
530,a,c,18160,0,0,0,0,0,0,SH
531,a,c,4030,0,0,0,0,0,0,HH
532,a,c,1070,8,2010,0,0,0,0,NW
533,a,c,5950,0,0,0,0,0,0,BW
534,d,a,1200,9,2009,1,45,2009,Jan;Apr;Jul;Oct,BY
535,a,a,3570,4,2007,0,0,0,0,NW
536,a,c,4700,9,2002,1,31,2013,Feb;May;Aug;Nov,NW
537,a,a,600,5,2002,1,1,2012,Jan;Apr;Jul;Oct,BW
538,a,a,990,2,2010,0,0,0,0,SH
539,a,a,770,5,2013,1,40,2014,Jan;Apr;Jul;Oct,BY
540,d,c,810,0,0,1,48,2012,Jan;Apr;Jul;Oct,BY
541,a,c,650,7,1990,0,0,0,0,NW
542,a,a,7280,9,2012,1,1,2013,Jan;Apr;Jul;Oct,BY
543,c,a,1080,12,2012,0,0,0,0,HE
544,a,a,250,12,2001,1,13,2010,Jan;Apr;Jul;Oct,SN
545,a,c,5020,5,2006,1,18,2014,Feb;May;Aug;Nov,NW
546,a,a,580,1,2005,0,0,0,0,BE
547,d,c,8990,11,2009,1,35,2010,Mar;Jun;Sep;Dec,BY
548,d,c,3760,2,2009,0,0,0,0,HE
549,a,c,2330,0,0,0,0,0,0,HH
550,d,c,50,6,2015,0,0,0,0,HE
551,a,c,2190,9,2013,0,0,0,0,SH
552,a,a,4260,7,2008,1,37,2009,Jan;Apr;Jul;Oct,HE
553,c,a,3040,9,2002,1,13,2010,Jan;Apr;Jul;Oct,BW
554,c,c,1200,0,0,0,0,0,0,HH
555,d,a,1560,1,2014,1,10,2013,Mar;Jun;Sep;Dec,BY
556,d,c,1140,11,2014,0,0,0,0,BE
557,a,a,250,0,0,0,0,0,0,NW
558,a,a,3000,2,2010,0,0,0,0,HH
559,d,a,3910,11,2006,1,5,2013,Feb;May;Aug;Nov,ST
560,c,c,1910,7,2013,0,0,0,0,BE
561,d,a,14300,0,0,0,0,0,0,NW
562,b,c,1210,0,0,0,0,0,0,"HB,NI"
563,a,a,700,3,2015,1,10,2014,Jan;Apr;Jul;Oct,NW
564,d,c,6540,0,0,1,14,2013,Jan;Apr;Jul;Oct,NW
565,a,c,160,7,2007,0,0,0,0,NW
566,a,a,3620,0,0,1,40,2013,Jan;Apr;Jul;Oct,HH
567,c,a,1010,9,2012,1,18,2011,Feb;May;Aug;Nov,NW
568,d,c,4270,0,0,1,1,2013,Jan;Apr;Jul;Oct,HE
569,a,a,1340,9,2006,0,0,0,0,BE
570,a,a,180,11,2006,0,0,0,0,NW
571,d,a,2110,11,1995,1,40,2014,Jan;Apr;Jul;Oct,BY
572,d,c,9230,4,2004,1,37,2009,Jan;Apr;Jul;Oct,NW
573,a,a,1190,11,2012,1,36,2013,Jan;Apr;Jul;Oct,BY
574,d,a,4400,0,0,0,0,0,0,BW
575,a,a,960,5,2008,1,13,2010,Jan;Apr;Jul;Oct,BY
576,c,a,50,11,2006,0,0,0,0,BE
577,a,c,2270,0,0,1,35,2012,Mar;Jun;Sep;Dec,SH
578,d,a,12700,4,2013,0,0,0,0,SH
579,c,a,20970,11,2012,0,0,0,0,NW
580,a,c,170,2,2009,0,0,0,0,SH
581,a,a,7250,12,2013,0,0,0,0,RP
582,a,a,120,0,0,0,0,0,0,HE
583,a,a,2640,11,2002,0,0,0,0,ST
584,d,a,1360,0,0,1,35,2010,Mar;Jun;Sep;Dec,HE
585,d,c,440,4,2014,0,0,0,0,SH
586,a,c,250,10,2008,0,0,0,0,NW
587,d,c,330,9,2006,1,14,2011,Jan;Apr;Jul;Oct,BY
588,d,c,15720,3,2010,0,0,0,0,SH
589,a,c,360,0,0,1,18,2013,Feb;May;Aug;Nov,HE
590,d,c,4520,9,2010,1,31,2013,Jan;Apr;Jul;Oct,BW
591,a,c,3340,0,0,1,22,2012,Mar;Jun;Sep;Dec,BW
592,a,a,2540,6,2005,0,0,0,0,NW
593,a,c,33060,3,2010,0,0,0,0,SH
594,a,a,1790,10,2011,0,0,0,0,BE
595,c,c,1130,6,2015,0,0,0,0,BE
596,c,a,290,9,2006,0,0,0,0,BE
597,a,a,150,9,2008,1,1,2012,Mar;Jun;Sep;Dec,RP
598,c,a,550,12,2013,1,40,2014,Jan;Apr;Jul;Oct,BY
599,d,c,580,11,2014,0,0,0,0,BE
600,d,c,17340,6,2010,1,9,2011,Feb;May;Aug;Nov,SH
601,d,a,8220,4,2014,1,14,2011,Jan;Apr;Jul;Oct,HE
602,a,a,2710,7,2001,1,22,2012,Mar;Jun;Sep;Dec,HE
603,a,a,340,4,2007,1,13,2010,Jan;Apr;Jul;Oct,BW
604,d,a,10950,3,2014,0,0,0,0,BY
605,d,a,10310,4,2003,1,37,2009,Jan;Apr;Jul;Oct,BW
606,a,a,2260,11,2007,0,0,0,0,BE
607,a,a,350,8,1999,1,14,2011,Jan;Apr;Jul;Oct,TH
608,a,c,18370,2,2013,1,14,2011,Jan;Apr;Jul;Oct,ST
609,a,a,2070,9,2007,0,0,0,0,BE
610,a,a,660,1,2007,0,0,0,0,NW
611,a,a,8080,12,2002,1,40,2014,Jan;Apr;Jul;Oct,BY
612,d,c,2490,11,2012,1,31,2009,Jan;Apr;Jul;Oct,BY
613,c,a,250,6,2007,1,14,2011,Jan;Apr;Jul;Oct,TH
614,a,a,1160,12,2012,0,0,0,0,SN
615,d,a,730,8,2007,0,0,0,0,HE
616,a,c,3040,8,2011,1,35,2010,Mar;Jun;Sep;Dec,NW
617,a,c,8940,0,0,1,9,2011,Jan;Apr;Jul;Oct,SN
618,d,c,9910,0,0,0,0,0,0,HE
619,a,a,1600,6,2006,1,45,2009,Feb;May;Aug;Nov,BY
620,d,c,5440,0,0,1,40,2014,Jan;Apr;Jul;Oct,BY
621,a,a,30,7,2002,0,0,0,0,NW
622,a,c,0,0,0,0,0,0,0,SH
623,a,a,4080,3,2011,1,13,2010,Jan;Apr;Jul;Oct,NW
624,a,c,6920,9,2011,0,0,0,0,NW
625,a,a,1170,4,2011,1,22,2012,Feb;May;Aug;Nov,NW
626,c,c,10740,11,2013,0,0,0,0,SN
627,c,c,3970,3,2010,0,0,0,0,HE
628,a,c,2180,0,0,0,0,0,0,"HB,NI"
629,d,a,510,7,2014,1,23,2015,Mar;Jun;Sep;Dec,BY
630,a,a,1690,4,2015,0,0,0,0,TH
631,d,c,2870,0,0,1,35,2012,Mar;Jun;Sep;Dec,SH
632,a,a,3350,2,2010,0,0,0,0,HH
633,d,a,11640,4,2005,1,22,2011,Jan;Apr;Jul;Oct,BY
634,d,a,18610,0,0,0,0,0,0,SN
635,a,a,27530,4,2014,0,0,0,0,ST
636,c,a,720,10,2004,1,13,2010,Jan;Apr;Jul;Oct,BY
637,d,c,9790,0,0,1,31,2009,Feb;May;Aug;Nov,BY
638,d,a,10170,11,2001,0,0,0,0,BY
639,a,a,7780,11,2006,0,0,0,0,NW
640,d,c,8040,0,0,0,0,0,0,NW
641,a,c,610,12,2003,1,36,2013,Mar;Jun;Sep;Dec,NW
642,c,c,530,4,2005,1,35,2010,Mar;Jun;Sep;Dec,NW
643,a,a,230,6,2010,1,18,2010,Feb;May;Aug;Nov,SH
644,c,a,4030,12,2004,1,14,2011,Jan;Apr;Jul;Oct,BY
645,a,a,90,0,0,1,45,2009,Feb;May;Aug;Nov,BW
646,a,a,620,9,2014,0,0,0,0,BY
647,a,c,7420,4,2013,0,0,0,0,SH
648,d,a,2130,12,2008,0,0,0,0,BE
649,a,a,14570,11,2002,0,0,0,0,ST
650,a,a,1420,10,2012,1,40,2014,Jan;Apr;Jul;Oct,BY
651,a,a,200,0,0,0,0,0,0,NW
652,a,a,20390,0,0,0,0,0,0,TH
653,d,c,7520,7,2014,1,45,2009,Feb;May;Aug;Nov,NW
654,c,a,6930,9,2006,0,0,0,0,SN
655,d,c,960,11,2012,1,5,2013,Feb;May;Aug;Nov,NW
656,d,a,410,4,2009,1,13,2010,Jan;Apr;Jul;Oct,HE
657,c,c,80,1,2006,1,10,2014,Jan;Apr;Jul;Oct,NW
658,d,c,520,0,0,1,37,2009,Jan;Apr;Jul;Oct,NW
659,d,a,1590,3,2012,0,0,0,0,HE
660,a,a,1200,11,2006,1,40,2014,Jan;Apr;Jul;Oct,BY
661,d,c,2140,7,2013,0,0,0,0,HE
662,d,a,1070,0,0,0,0,0,0,"HB,NI"
663,a,c,7860,5,2005,0,0,0,0,BW
664,d,c,1680,10,2005,0,0,0,0,ST
665,a,a,90,12,2012,1,14,2011,Jan;Apr;Jul;Oct,HE
666,c,c,2700,0,0,1,9,2011,Mar;Jun;Sep;Dec,BW
667,d,c,2870,9,2012,0,0,0,0,SH
668,c,a,1270,9,2010,0,0,0,0,BE
669,d,a,17080,7,2012,1,31,2013,Jan;Apr;Jul;Oct,BY
670,a,a,2060,0,0,1,45,2009,Feb;May;Aug;Nov,BY
671,a,c,2070,2,2008,1,39,2010,Jan;Apr;Jul;Oct,BY
672,c,a,240,9,2002,0,0,0,0,SN
673,d,c,15170,0,0,1,5,2013,Feb;May;Aug;Nov,BW
674,a,a,2640,12,2005,1,31,2013,Feb;May;Aug;Nov,NW
675,a,a,2100,8,2013,1,14,2011,Jan;Apr;Jul;Oct,NW
676,b,b,1410,9,2008,0,0,0,0,HE
677,d,a,1740,6,2014,1,45,2009,Feb;May;Aug;Nov,BY
678,c,a,3250,0,0,1,40,2011,Jan;Apr;Jul;Oct,NW
679,a,a,4140,9,2012,0,0,0,0,BE
680,c,a,170,0,0,1,35,2012,Mar;Jun;Sep;Dec,SH
681,a,c,620,0,0,1,1,2014,Mar;Jun;Sep;Dec,RP
682,b,a,150,9,2006,0,0,0,0,BE
683,a,a,2850,7,2014,0,0,0,0,BE
684,d,c,680,0,0,1,22,2012,Jan;Apr;Jul;Oct,BY
685,a,a,650,11,2013,1,37,2009,Jan;Apr;Jul;Oct,NW
686,a,a,20050,4,2002,0,0,0,0,SN
687,d,c,2770,0,0,0,0,0,0,NW
688,a,a,18760,8,2015,1,14,2011,Jan;Apr;Jul;Oct,ST
689,d,a,15040,10,2004,0,0,0,0,HE
690,a,a,100,0,0,0,0,0,0,NW
691,d,c,3030,0,0,1,37,2009,Jan;Apr;Jul;Oct,NW
692,a,a,40,8,2001,0,0,0,0,NW
693,d,a,450,0,0,1,40,2011,Jan;Apr;Jul;Oct,HE
694,a,c,460,11,2012,1,40,2014,Jan;Apr;Jul;Oct,BY
695,a,a,550,7,2011,1,1,2012,Jan;Apr;Jul;Oct,NW
696,a,c,430,0,0,0,0,0,0,HH
697,d,a,3780,0,0,1,40,2011,Jan;Apr;Jul;Oct,NW
698,a,a,1790,5,2011,0,0,0,0,BE
699,a,a,180,0,0,1,5,2013,Jan;Apr;Jul;Oct,HE
700,a,c,830,0,0,1,27,2013,Jan;Apr;Jul;Oct,HE
701,d,a,1450,3,2012,1,14,2011,Jan;Apr;Jul;Oct,BY
702,a,a,8550,9,2001,1,45,2009,Feb;May;Aug;Nov,BY
703,a,a,80,6,2005,0,0,0,0,NW
704,d,c,1910,4,2009,0,0,0,0,BE
705,a,a,4140,9,2012,1,18,2011,Feb;May;Aug;Nov,NW
706,d,a,7830,9,2014,1,10,2014,Mar;Jun;Sep;Dec,BY
707,a,c,2900,7,1990,0,0,0,0,NW
708,c,c,11470,10,2009,1,18,2014,Jan;Apr;Jul;Oct,SN
709,a,a,500,12,2010,0,0,0,0,BE
710,d,a,1500,9,2008,1,14,2011,Jan;Apr;Jul;Oct,BY
711,d,a,17110,3,2007,1,5,2010,Jan;Apr;Jul;Oct,BY
712,a,a,4870,9,2007,1,45,2009,Jan;Apr;Jul;Oct,BY
713,a,c,220,0,0,1,10,2014,Jan;Apr;Jul;Oct,NW
714,d,c,12070,10,2005,1,10,2013,Jan;Apr;Jul;Oct,BW
715,a,a,14810,6,2014,0,0,0,0,ST
716,d,a,3200,1,2008,1,22,2011,Jan;Apr;Jul;Oct,BY
717,d,c,310,0,0,1,40,2011,Jan;Apr;Jul;Oct,NW
718,a,a,1100,6,2015,0,0,0,0,HE
719,c,c,8190,0,0,1,45,2009,Feb;May;Aug;Nov,BY
720,a,c,15320,3,2011,1,14,2013,Feb;May;Aug;Nov,SH
721,a,c,3590,9,2012,1,22,2012,Mar;Jun;Sep;Dec,SH
722,a,a,50,0,0,0,0,0,0,"HB,NI"
723,d,c,5650,9,2008,1,5,2013,Feb;May;Aug;Nov,HE
724,d,c,5900,0,0,0,0,0,0,NW
725,d,c,17540,6,2012,0,0,0,0,SH
726,a,c,40540,2,2002,0,0,0,0,SN
727,a,a,2050,3,2007,0,0,0,0,HE
728,d,a,13990,0,0,1,14,2011,Jan;Apr;Jul;Oct,BW
729,c,c,8980,6,2011,0,0,0,0,NW
730,c,a,1190,9,2013,0,0,0,0,BE
731,a,a,15270,0,0,1,10,2014,Jan;Apr;Jul;Oct,NW
732,a,c,35280,0,0,0,0,0,0,SH
733,b,b,860,10,1999,0,0,0,0,NW
734,a,a,220,0,0,1,36,2013,Mar;Jun;Sep;Dec,NW
735,d,c,1920,4,2005,0,0,0,0,ST
736,c,c,1650,0,0,1,14,2011,Jan;Apr;Jul;Oct,BY
737,a,a,100,5,2007,1,31,2013,Jan;Apr;Jul;Oct,NW
738,d,c,5980,10,2005,0,0,0,0,NW
739,d,c,2770,6,2008,1,22,2011,Jan;Apr;Jul;Oct,BY
740,d,a,6400,3,2014,0,0,0,0,HE
741,d,c,11900,0,0,0,0,0,0,"HB,NI"
742,d,c,4380,0,0,0,0,0,0,NW
743,a,a,6710,11,2003,1,14,2012,Jan;Apr;Jul;Oct,SN
744,a,a,1370,12,2011,1,40,2014,Jan;Apr;Jul;Oct,BY
745,a,a,17650,11,2013,1,37,2009,Jan;Apr;Jul;Oct,SN
746,d,c,4330,2,2011,1,35,2011,Mar;Jun;Sep;Dec,HE
747,c,c,45740,8,2008,0,0,0,0,ST
748,d,a,2380,3,2010,1,14,2011,Jan;Apr;Jul;Oct,NW
749,a,a,3410,8,2011,1,14,2015,Jan;Apr;Jul;Oct,RP
750,d,a,8670,2,2002,1,14,2011,Jan;Apr;Jul;Oct,BY
751,a,a,650,10,2006,0,0,0,0,NW
752,a,a,970,3,2013,1,31,2013,Feb;May;Aug;Nov,NW
753,d,c,540,11,2012,1,35,2010,Mar;Jun;Sep;Dec,NW
754,c,c,380,5,2008,1,10,2014,Mar;Jun;Sep;Dec,TH
755,d,c,13130,12,2003,0,0,0,0,TH
756,a,c,50,0,0,1,40,2011,Jan;Apr;Jul;Oct,NW
757,a,c,3450,0,0,0,0,0,0,BW
758,a,c,19780,6,2008,0,0,0,0,BW
759,a,a,110,11,2012,1,31,2013,Feb;May;Aug;Nov,NW
760,a,a,560,1,2011,0,0,0,0,BE
761,a,a,2390,9,2012,0,0,0,0,BE
762,d,c,1280,0,0,1,10,2013,Mar;Jun;Sep;Dec,BW
763,d,c,32240,3,2010,0,0,0,0,SH
764,a,c,26490,0,0,1,10,2014,Mar;Jun;Sep;Dec,RP
765,a,c,25430,5,1999,1,37,2009,Jan;Apr;Jul;Oct,BW
766,d,c,9820,0,0,0,0,0,0,BY
767,a,c,13080,0,0,0,0,0,0,SH
768,a,c,2630,9,2012,0,0,0,0,SH
769,b,b,840,0,0,1,48,2012,Jan;Apr;Jul;Oct,NW
770,a,c,100,4,2015,0,0,0,0,NW
771,a,a,20640,9,2007,0,0,0,0,BY
772,d,c,1850,0,0,0,0,0,0,HH
773,a,a,200,0,0,0,0,0,0,HE
774,a,c,640,9,2013,0,0,0,0,SH
775,d,c,6970,12,2005,1,22,2011,Jan;Apr;Jul;Oct,BY
776,c,a,700,4,2009,1,14,2011,Jan;Apr;Jul;Oct,NW
777,d,c,8250,10,2004,1,10,2013,Mar;Jun;Sep;Dec,BW
778,a,a,340,6,2003,1,40,2014,Jan;Apr;Jul;Oct,BY
779,a,a,16990,4,2004,0,0,0,0,SN
780,a,a,18160,0,0,0,0,0,0,SN
781,a,a,630,4,2007,0,0,0,0,ST
782,c,c,5390,8,2003,1,1,2012,Jan;Apr;Jul;Oct,RP
783,d,c,15490,0,0,0,0,0,0,TH
784,a,a,560,10,2014,1,10,2014,Jan;Apr;Jul;Oct,NW
785,d,c,970,7,2005,1,31,2013,Feb;May;Aug;Nov,NW
786,a,a,290,11,2006,1,5,2013,Feb;May;Aug;Nov,ST
787,c,c,3210,6,2009,0,0,0,0,SN
788,a,c,1530,3,2013,0,0,0,0,BE
789,a,c,9770,7,2003,0,0,0,0,BW
790,d,c,9070,12,2003,0,0,0,0,HE
791,a,a,5950,4,2007,0,0,0,0,NW
792,d,a,17280,10,2009,1,18,2011,Feb;May;Aug;Nov,NW
793,d,a,2710,7,2006,0,0,0,0,NW
794,c,c,5090,9,2006,0,0,0,0,SN
795,d,a,510,0,0,1,35,2010,Mar;Jun;Sep;Dec,NW
796,a,c,7180,11,2012,0,0,0,0,NW
797,a,a,2090,10,2012,1,40,2014,Jan;Apr;Jul;Oct,BY
798,a,a,9560,4,2001,0,0,0,0,SN
799,a,c,2700,0,0,0,0,0,0,NW
800,d,a,2020,7,2014,0,0,0,0,RP
801,d,a,48330,4,2013,0,0,0,0,SH
802,a,c,910,0,0,1,22,2011,Feb;May;Aug;Nov,SH
803,d,a,1760,0,0,1,10,2014,Mar;Jun;Sep;Dec,HE
804,c,c,2100,0,0,1,1,2013,Jan;Apr;Jul;Oct,BY
805,d,a,24770,10,2011,1,10,2014,Mar;Jun;Sep;Dec,BY
806,d,a,260,0,0,1,44,2010,Feb;May;Aug;Nov,BY
807,a,a,3870,4,2008,0,0,0,0,HE
808,a,a,18620,0,0,1,31,2009,Feb;May;Aug;Nov,SN
809,a,a,12770,10,2000,0,0,0,0,NW
810,d,c,9640,11,2013,0,0,0,0,RP
811,a,a,410,9,2012,0,0,0,0,SH
812,d,a,2590,9,2012,0,0,0,0,SN
813,a,a,1560,9,2003,0,0,0,0,BW
814,d,c,24530,7,2013,0,0,0,0,TH
815,a,a,590,1,1900,1,40,2014,Jan;Apr;Jul;Oct,BY
816,c,c,460,0,0,0,0,0,0,NW
817,a,a,140,3,2006,0,0,0,0,BE
818,d,a,490,0,0,1,35,2010,Mar;Jun;Sep;Dec,HE
819,a,c,720,10,2014,0,0,0,0,SH
820,a,c,1650,0,0,1,40,2014,Jan;Apr;Jul;Oct,BY
821,a,a,1700,9,2009,0,0,0,0,BE
822,a,c,410,11,2010,1,48,2010,Mar;Jun;Sep;Dec,SH
823,a,c,16210,11,2010,0,0,0,0,SH
824,a,a,17570,0,0,0,0,0,0,SH
825,a,a,380,5,2011,1,40,2014,Jan;Apr;Jul;Oct,BY
826,a,c,7980,6,2005,0,0,0,0,NW
827,a,c,250,1,2005,0,0,0,0,BE
828,d,c,3290,12,2014,0,0,0,0,ST
829,c,a,110,0,0,0,0,0,0,HE
830,a,c,6320,0,0,1,5,2011,Jan;Apr;Jul;Oct,SN
831,a,a,800,6,2007,0,0,0,0,NW
832,d,a,5070,0,0,1,45,2009,Feb;May;Aug;Nov,HE
833,d,c,3290,12,1999,1,35,2010,Mar;Jun;Sep;Dec,RP
834,a,a,3470,3,2012,0,0,0,0,BE
835,a,a,2890,12,2007,1,10,2014,Mar;Jun;Sep;Dec,NW
836,a,a,2720,9,2012,0,0,0,0,SN
837,a,c,14600,4,2015,0,0,0,0,HE
838,d,c,6890,0,0,1,48,2011,Mar;Jun;Sep;Dec,TH
839,c,a,240,1,2015,0,0,0,0,BE
840,a,a,1070,9,2009,0,0,0,0,"HB,NI"
841,a,a,27650,8,2004,0,0,0,0,SN
842,d,c,1200,11,2007,0,0,0,0,BY
843,c,a,60,4,2006,0,0,0,0,BE
844,a,a,2030,9,2012,1,18,2011,Feb;May;Aug;Nov,NW
845,d,a,7860,11,2005,1,14,2011,Jan;Apr;Jul;Oct,NW
846,a,c,8860,4,2004,1,37,2009,Jan;Apr;Jul;Oct,NW
847,c,c,190,0,0,1,31,2013,Feb;May;Aug;Nov,NW
848,a,c,370,7,2007,1,14,2011,Jan;Apr;Jul;Oct,BW
849,c,c,5000,0,0,0,0,0,0,"HB,NI"
850,d,a,1120,5,2007,1,31,2013,Jan;Apr;Jul;Oct,NW
851,d,c,2330,0,0,1,49,2014,Mar;Jun;Sep;Dec,BY
852,c,a,940,4,2004,1,14,2011,Jan;Apr;Jul;Oct,HE
853,a,a,14040,0,0,0,0,0,0,BW
854,c,a,4770,0,0,1,13,2010,Jan;Apr;Jul;Oct,SN
855,a,a,3440,0,0,1,45,2009,Feb;May;Aug;Nov,BW
856,a,a,3020,2,2010,0,0,0,0,HH
857,c,a,6270,8,2005,1,23,2014,Mar;Jun;Sep;Dec,HE
858,a,a,3370,12,2008,1,40,2014,Jan;Apr;Jul;Oct,BY
859,c,a,21770,7,2015,0,0,0,0,BY
860,c,c,5980,2,2010,0,0,0,0,HH
861,c,c,740,0,0,1,14,2013,Mar;Jun;Sep;Dec,RP
862,a,c,2840,3,2010,1,14,2011,Jan;Apr;Jul;Oct,SH
863,a,c,21370,11,2010,0,0,0,0,SH
864,a,a,1020,10,2012,1,45,2009,Feb;May;Aug;Nov,BW
865,d,c,2640,0,0,0,0,0,0,NW
866,d,a,9680,0,0,1,5,2013,Feb;May;Aug;Nov,HE
867,d,c,21810,9,2012,0,0,0,0,SH
868,d,c,1360,8,2005,1,10,2014,Jan;Apr;Jul;Oct,HE
869,c,a,230,10,2001,1,14,2011,Jan;Apr;Jul;Oct,SN
870,a,a,780,4,2009,0,0,0,0,BE
871,d,c,10620,0,0,0,0,0,0,HE
872,a,c,3860,9,2014,1,23,2015,Mar;Jun;Sep;Dec,NW
873,a,a,2040,11,2008,0,0,0,0,SN
874,a,a,3210,0,0,0,0,0,0,"HB,NI"
875,d,a,5070,11,2007,1,18,2015,Feb;May;Aug;Nov,RP
876,a,a,21790,4,2005,1,18,2015,Feb;May;Aug;Nov,ST
877,a,c,29190,0,0,0,0,0,0,SH
878,d,c,1100,12,2014,0,0,0,0,ST
879,d,a,0,0,0,1,5,2013,Feb;May;Aug;Nov,BY
880,a,c,4570,0,0,0,0,0,0,BW
881,a,a,180,3,2008,1,31,2013,Feb;May;Aug;Nov,NW
882,a,a,30,4,2013,0,0,0,0,NW
883,a,a,3200,6,2005,0,0,0,0,NW
884,d,c,7550,0,0,0,0,0,0,BY
885,a,a,480,12,2005,0,0,0,0,NW
886,a,c,12430,10,2004,0,0,0,0,NW
887,d,a,19700,0,0,1,37,2009,Jan;Apr;Jul;Oct,HE
888,d,a,4450,6,2012,1,35,2012,Mar;Jun;Sep;Dec,SH
889,d,a,18670,12,2005,0,0,0,0,ST
890,a,a,4450,0,0,1,14,2011,Jan;Apr;Jul;Oct,BY
891,a,c,350,0,0,1,31,2013,Feb;May;Aug;Nov,NW
892,a,a,19370,4,2002,0,0,0,0,SN
893,a,a,130,0,0,1,1,2013,Jan;Apr;Jul;Oct,BY
894,a,a,190,11,2012,0,0,0,0,NW
895,a,c,4150,0,0,0,0,0,0,BW
896,a,c,170,9,2012,0,0,0,0,SH
897,c,c,3290,1,2007,1,5,2013,Feb;May;Aug;Nov,RP
898,a,a,18540,0,0,0,0,0,0,TH
899,d,a,2590,0,0,1,13,2010,Jan;Apr;Jul;Oct,SN
900,a,a,3920,4,2005,1,40,2014,Jan;Apr;Jul;Oct,BY
901,a,c,3170,4,2014,0,0,0,0,SH
902,a,a,310,5,2015,1,40,2014,Jan;Apr;Jul;Oct,BY
903,d,c,7290,9,2014,0,0,0,0,BY
904,d,c,570,7,2013,1,14,2011,Jan;Apr;Jul;Oct,BY
905,a,a,90,6,2014,0,0,0,0,NW
906,a,a,90,7,2010,0,0,0,0,HE
907,a,c,250,0,0,0,0,0,0,NW
908,a,a,1980,7,2010,1,37,2009,Jan;Apr;Jul;Oct,HE
909,a,c,1680,0,0,1,45,2009,Feb;May;Aug;Nov,BY
910,d,c,12480,0,0,1,1,2013,Jan;Apr;Jul;Oct,ST
911,a,c,16490,0,0,0,0,0,0,SH
912,c,c,3100,5,2010,0,0,0,0,SH
913,a,a,280,0,0,0,0,0,0,RP
914,c,c,2640,4,2011,1,22,2012,Mar;Jun;Sep;Dec,SH
915,d,c,650,3,2013,1,40,2014,Jan;Apr;Jul;Oct,BY
916,a,a,90,11,2012,0,0,0,0,NW
917,a,a,7240,2,2010,0,0,0,0,NW
918,a,c,18710,4,2015,0,0,0,0,SN
919,a,a,2620,0,0,1,45,2009,Feb;May;Aug;Nov,BY
920,a,a,850,2,2012,1,40,2014,Jan;Apr;Jul;Oct,BY
921,a,a,840,9,2006,0,0,0,0,SN
922,d,a,2110,3,2006,0,0,0,0,NW
923,a,a,280,9,2008,0,0,0,0,BE
924,a,a,6420,4,2011,1,1,2012,Jan;Apr;Jul;Oct,NW
925,c,a,470,3,2007,1,1,2012,Jan;Apr;Jul;Oct,BW
926,d,c,5150,3,2011,1,13,2010,Jan;Apr;Jul;Oct,NW
927,a,a,480,0,0,0,0,0,0,NW
928,d,c,1090,0,0,1,31,2013,Feb;May;Aug;Nov,NW
929,a,c,4820,9,2013,0,0,0,0,SH
930,a,a,70,0,0,0,0,0,0,NW
931,a,c,1480,9,2011,1,1,2012,Jan;Apr;Jul;Oct,SH
932,a,a,15700,0,0,1,13,2010,Jan;Apr;Jul;Oct,BY
933,a,c,6270,2,2005,0,0,0,0,SN
934,a,c,5460,0,0,1,14,2011,Jan;Apr;Jul;Oct,NW
935,a,c,22350,6,2010,0,0,0,0,SH
936,a,a,580,2,2008,0,0,0,0,NW
937,d,a,2810,0,0,1,10,2014,Jan;Apr;Jul;Oct,HE
938,a,a,2820,9,2009,0,0,0,0,"HB,NI"
939,d,a,1340,0,0,0,0,0,0,NW
940,d,c,6470,9,2012,0,0,0,0,SN
941,a,a,1200,12,2011,1,31,2013,Jan;Apr;Jul;Oct,BY
942,d,c,6860,0,0,1,18,2011,Jan;Apr;Jul;Oct,HE
943,d,c,18020,0,0,0,0,0,0,NW
944,c,a,1670,7,2015,0,0,0,0,"HB,NI"
945,a,c,12480,3,2011,0,0,0,0,SH
946,a,a,2220,12,2011,1,14,2015,Jan;Apr;Jul;Oct,RP
947,a,a,460,3,2014,1,13,2010,Jan;Apr;Jul;Oct,BW
948,b,b,1430,0,0,0,0,0,0,BW
949,a,a,870,3,2006,0,0,0,0,BE
950,a,a,8460,11,1994,0,0,0,0,BW
951,d,c,710,0,0,1,40,2011,Jan;Apr;Jul;Oct,NW
952,d,c,6300,10,2013,0,0,0,0,BY
953,a,a,19830,4,2006,1,22,2011,Mar;Jun;Sep;Dec,TH
954,a,a,390,2,2013,1,10,2014,Jan;Apr;Jul;Oct,NW
955,d,c,1690,7,2009,1,36,2013,Mar;Jun;Sep;Dec,NW
956,a,a,2330,10,2014,1,18,2011,Feb;May;Aug;Nov,NW
957,d,c,1420,11,2012,0,0,0,0,BE
958,a,a,440,11,2013,0,0,0,0,BE
959,a,c,1060,12,2005,0,0,0,0,BE
960,d,a,8990,0,0,1,31,2009,Feb;May;Aug;Nov,HE
961,d,c,9430,0,0,0,0,0,0,NW
962,c,a,260,0,0,0,0,0,0,NW
963,a,c,23620,11,2013,0,0,0,0,SN
964,a,a,270,0,0,1,5,2013,Feb;May;Aug;Nov,BW
965,a,c,110,0,0,0,0,0,0,HE
966,a,a,760,2,2008,0,0,0,0,NW
967,a,c,3560,9,2013,1,36,2013,Jan;Apr;Jul;Oct,NW
968,c,a,1190,0,0,0,0,0,0,SN
969,a,c,600,11,1999,1,10,2013,Jan;Apr;Jul;Oct,BW
970,a,a,910,12,2014,1,37,2009,Jan;Apr;Jul;Oct,HE
971,c,a,1140,5,2011,1,14,2012,Mar;Jun;Sep;Dec,TH
972,a,a,14960,0,0,0,0,0,0,ST
973,d,c,330,0,0,1,28,2012,Jan;Apr;Jul;Oct,NW
974,a,a,150,3,2011,1,40,2014,Jan;Apr;Jul;Oct,BY
975,a,c,9630,0,0,1,14,2011,Jan;Apr;Jul;Oct,NW
976,a,a,4180,0,0,0,0,0,0,NW
977,a,a,520,9,2005,1,13,2010,Jan;Apr;Jul;Oct,BY
978,c,c,3890,0,0,0,0,0,0,SN
979,a,c,2270,11,2005,1,14,2011,Jan;Apr;Jul;Oct,TH
980,a,a,4420,9,2005,0,0,0,0,NW
981,d,c,2620,11,2002,0,0,0,0,ST
982,d,a,21930,0,0,0,0,0,0,SN
983,a,a,40,3,2014,1,1,2014,Jan;Apr;Jul;Oct,NW
984,c,a,440,0,0,1,1,2013,Jan;Apr;Jul;Oct,NW
985,c,c,490,5,2007,1,13,2010,Jan;Apr;Jul;Oct,BW
986,a,a,620,10,2014,1,18,2014,Feb;May;Aug;Nov,NW
987,c,a,1690,6,2007,0,0,0,0,BE
988,a,a,30,11,2012,0,0,0,0,SH
989,a,a,1640,6,2006,1,40,2011,Jan;Apr;Jul;Oct,BY
990,d,a,20930,0,0,0,0,0,0,SN
991,a,a,1010,0,0,0,0,0,0,NW
992,a,a,2480,7,1990,0,0,0,0,NW
993,d,c,3460,10,2013,1,10,2014,Jan;Apr;Jul;Oct,SN
994,a,a,2290,7,2011,1,1,2012,Jan;Apr;Jul;Oct,NW
995,d,a,6560,12,2013,0,0,0,0,SN
996,c,a,2870,7,2015,1,13,2010,Jan;Apr;Jul;Oct,SN
997,d,c,5840,7,2010,1,37,2009,Jan;Apr;Jul;Oct,HE
998,a,a,780,9,2005,1,5,2013,Feb;May;Aug;Nov,BW
999,d,c,15140,2,2002,1,37,2009,Jan;Apr;Jul;Oct,SN
1000,a,c,2230,5,2009,1,40,2014,Jan;Apr;Jul;Oct,BY
1001,c,a,19640,0,0,1,14,2011,Jan;Apr;Jul;Oct,TH
1002,d,c,1130,11,2008,0,0,0,0,BE
1003,a,a,170,7,2013,1,27,2013,Jan;Apr;Jul;Oct,NW
1004,d,c,970,0,0,1,9,2011,Mar;Jun;Sep;Dec,BY
1005,a,a,6480,0,0,0,0,0,0,NW
1006,c,c,3890,11,2006,1,5,2013,Feb;May;Aug;Nov,ST
1007,c,c,4180,9,2012,0,0,0,0,SH
1008,a,c,30,9,2010,0,0,0,0,HH
1009,a,a,230,7,2004,1,10,2014,Jan;Apr;Jul;Oct,BY
1010,d,c,4610,6,2010,1,18,2010,Feb;May;Aug;Nov,SH
1011,a,c,490,9,2012,1,18,2011,Feb;May;Aug;Nov,NW
1012,d,c,6330,6,2004,1,39,2010,Jan;Apr;Jul;Oct,BY
1013,a,a,630,2,2015,1,31,2013,Feb;May;Aug;Nov,NW
1014,a,c,210,0,0,1,31,2013,Jan;Apr;Jul;Oct,NW
1015,d,c,9910,12,2010,1,9,2011,Mar;Jun;Sep;Dec,RP
1016,c,c,550,0,0,1,35,2010,Mar;Jun;Sep;Dec,NW
1017,c,a,110,11,2008,0,0,0,0,SN
1018,c,c,140,9,2012,0,0,0,0,BE
1019,d,c,2740,7,2014,1,13,2010,Jan;Apr;Jul;Oct,BY
1020,a,a,40,8,2015,0,0,0,0,HE
1021,a,a,1080,5,2011,0,0,0,0,BE
1022,a,c,1520,0,0,0,0,0,0,NW
1023,c,a,3740,2,2002,1,14,2011,Jan;Apr;Jul;Oct,SN
1024,c,c,1990,1,2012,0,0,0,0,SH
1025,a,a,720,11,2009,0,0,0,0,RP
1026,c,a,450,6,2011,1,48,2012,Mar;Jun;Sep;Dec,NW
1027,a,c,190,6,2008,1,40,2011,Jan;Apr;Jul;Oct,BY
1028,a,a,150,0,0,1,31,2013,Jan;Apr;Jul;Oct,NW
1029,a,a,1590,3,2006,0,0,0,0,ST
1030,a,a,36410,4,2008,0,0,0,0,ST
1031,d,a,590,5,2001,0,0,0,0,NW
1032,d,c,270,2,2013,1,40,2012,Jan;Apr;Jul;Oct,ST
1033,a,a,7680,3,2006,0,0,0,0,BE
1034,a,a,13750,4,2015,0,0,0,0,SN
1035,a,a,27150,0,0,0,0,0,0,SN
1036,d,c,9560,0,0,1,36,2013,Jan;Apr;Jul;Oct,NW
1037,a,c,150,0,0,0,0,0,0,NW
1038,d,a,17290,10,2013,0,0,0,0,BY
1039,a,c,70,6,1990,1,22,2012,Mar;Jun;Sep;Dec,NW
1040,a,a,4030,2,2013,1,10,2014,Jan;Apr;Jul;Oct,NW
1041,c,a,1600,8,2013,1,40,2014,Jan;Apr;Jul;Oct,BY
1042,a,a,3440,0,0,1,31,2013,Feb;May;Aug;Nov,NW
1043,c,a,420,3,2006,0,0,0,0,ST
1044,c,a,240,4,2015,1,13,2010,Jan;Apr;Jul;Oct,BW
1045,a,c,26990,12,2013,0,0,0,0,SH
1046,d,c,29070,4,2005,0,0,0,0,ST
1047,a,a,3750,0,0,1,45,2009,Feb;May;Aug;Nov,NW
1048,d,c,1860,9,2012,1,40,2012,Jan;Apr;Jul;Oct,SH
1049,a,a,370,7,2012,1,14,2011,Jan;Apr;Jul;Oct,BY
1050,d,c,13170,8,2014,1,9,2011,Mar;Jun;Sep;Dec,HE
1051,c,a,200,7,1998,1,1,2012,Jan;Apr;Jul;Oct,BW
1052,a,c,5080,0,0,1,31,2013,Feb;May;Aug;Nov,NW
1053,a,a,1710,7,2015,0,0,0,0,"HB,NI"
1054,a,c,13190,0,0,1,45,2013,Feb;May;Aug;Nov,SH
1055,c,a,1980,4,2009,0,0,0,0,BE
1056,d,c,5350,0,0,1,40,2012,Jan;Apr;Jul;Oct,BY
1057,d,c,3230,11,2011,0,0,0,0,SH
1058,a,c,180,0,0,1,35,2010,Mar;Jun;Sep;Dec,NW
1059,c,a,3380,4,2013,0,0,0,0,HH
1060,a,c,3430,0,0,1,31,2013,Feb;May;Aug;Nov,NW
1061,d,c,8110,0,0,0,0,0,0,BW
1062,d,a,190,9,2012,1,40,2012,Feb;May;Aug;Nov,RP
1063,a,c,6250,0,0,0,0,0,0,HH
1064,a,c,420,0,0,0,0,0,0,NW
1065,a,a,1290,0,0,1,35,2011,Mar;Jun;Sep;Dec,BY
1066,a,a,3350,0,0,0,0,0,0,NW
1067,d,c,12020,7,2009,0,0,0,0,BY
1068,d,c,5010,0,0,1,5,2013,Jan;Apr;Jul;Oct,BW
1069,a,c,18050,0,0,1,14,2011,Jan;Apr;Jul;Oct,TH
1070,c,c,400,10,2008,0,0,0,0,"HB,NI"
1071,a,a,820,3,2012,1,35,2012,Mar;Jun;Sep;Dec,SH
1072,a,c,5380,8,2015,1,5,2010,Feb;May;Aug;Nov,NW
1073,a,c,1710,0,0,1,44,2012,Jan;Apr;Jul;Oct,NW
1074,c,c,3330,10,2001,1,14,2011,Jan;Apr;Jul;Oct,SN
1075,a,c,1410,10,2013,0,0,0,0,BE
1076,a,c,90,0,0,1,1,2013,Jan;Apr;Jul;Oct,NW
1077,a,a,3750,11,2001,1,35,2010,Mar;Jun;Sep;Dec,NW
1078,d,c,670,0,0,1,40,2011,Jan;Apr;Jul;Oct,BW
1079,a,a,16680,0,0,1,37,2009,Jan;Apr;Jul;Oct,HE
1080,a,a,2410,0,0,1,40,2014,Jan;Apr;Jul;Oct,BY
1081,b,a,400,3,2006,0,0,0,0,BE
1082,c,a,440,4,2002,0,0,0,0,SN
1083,d,c,11540,0,0,1,5,2013,Feb;May;Aug;Nov,HE
1084,a,a,190,0,0,1,13,2010,Jan;Apr;Jul;Oct,HE
1085,c,a,4030,2,2015,0,0,0,0,BE
1086,a,a,180,11,2013,1,18,2011,Feb;May;Aug;Nov,HE
1087,d,c,2210,11,2011,0,0,0,0,"HB,NI"
1088,a,a,4300,3,2009,1,27,2013,Jan;Apr;Jul;Oct,NW
1089,d,a,5220,5,2009,0,0,0,0,NW
1090,a,a,330,0,0,1,14,2011,Jan;Apr;Jul;Oct,SN
1091,a,c,9990,0,0,0,0,0,0,SH
1092,a,a,300,7,2000,1,40,2014,Jan;Apr;Jul;Oct,BY
1093,c,c,10450,6,2009,0,0,0,0,SN
1094,d,a,2380,3,2013,1,40,2014,Jan;Apr;Jul;Oct,BY
1095,a,a,690,6,2007,1,14,2011,Jan;Apr;Jul;Oct,TH
1096,a,c,1130,0,0,1,10,2014,Mar;Jun;Sep;Dec,NW
1097,b,b,720,3,2002,0,0,0,0,RP
1098,a,a,1830,11,2004,0,0,0,0,SN
1099,a,c,200,4,2013,1,14,2013,Jan;Apr;Jul;Oct,SH
1100,a,a,540,0,0,1,14,2011,Jan;Apr;Jul;Oct,NW
1101,d,c,4060,9,2012,0,0,0,0,SH
1102,a,a,850,11,2012,1,40,2014,Jan;Apr;Jul;Oct,BY
1103,d,c,1340,10,2006,1,5,2013,Feb;May;Aug;Nov,HE
1104,d,a,260,2,2012,1,14,2011,Jan;Apr;Jul;Oct,BY
1105,c,c,330,11,2008,1,5,2013,Feb;May;Aug;Nov,NW
1106,a,c,5330,9,2011,1,31,2013,Jan;Apr;Jul;Oct,SH
1107,a,a,1400,6,2012,1,13,2010,Jan;Apr;Jul;Oct,BY
1108,a,a,540,4,2004,0,0,0,0,SN
1109,c,a,3490,4,2011,1,22,2012,Jan;Apr;Jul;Oct,BY
1110,c,c,900,9,2010,0,0,0,0,BE
1111,a,a,1900,6,2014,1,31,2013,Jan;Apr;Jul;Oct,NW
1112,c,c,1880,4,2006,0,0,0,0,NW
1113,a,c,9260,0,0,0,0,0,0,SH
1114,a,c,870,0,0,0,0,0,0,HH
1115,d,c,5350,0,0,1,22,2012,Mar;Jun;Sep;Dec,HE